Workbook

Sheet 项目总览
A1: 2028赛季 ISEF ｜ 通用POD-Galerkin ROM 开源流水线
A3: 项目名称 | B3: 通用POD-Galerkin ROM开源流水线（支持抛物、椭圆、弱非线性PDE）
A4: 核心创新 | B4: ①自适应快照采样（含最优性证明） ②可证明后验误差估计（严格上界） ③非线性ROM能量稳定性（李雅普诺夫证明） ④端到端开源框架
A5: 杀手级应用 | B5: 电动车电池包热管理快速参数扫描与优化（500组参数，加速200-600倍，最优设计降温5-8°C）
A6: 备选应用 | B6: 化工厂污染物泄漏近实时扩散预测（列为Future Work）
A7: 项目目标 | B7: 附属赛突围 → 2028年5月美国ISEF全球总决赛 → 角逐Yancopoulos十万大奖
A8: 研究周期 | B8: 2026-12-01 ~ 2027-11-30（正式计入ISEF 12个月）
A9: 调研筑基 | B9: 2026-09 ~ 2026-11（不计入核心研究周期）
A10: 当前阶段 | B10: 第一阶段：调研筑基
A13: 📊 整体进度统计
A14: 阶段 | B14: 任务总数 | C14: 已完成 | D14: 进行中 | E14: 未开始 | F14: 完成率
A15: 第一阶段：调研筑基 | B15: =COUNTIF(任务清单!A:A,"第一阶段：调研筑基") | C15: =COUNTIFS(任务清单!A:A,"第一阶段：调研筑基",任务清单!H:H,"已完成") | D15: =COUNTIFS(任务清单!A:A,"第一阶段：调研筑基",任务清单!H:H,"进行中") | E15: =COUNTIFS(任务清单!A:A,"第一阶段：调研筑基",任务清单!H:H,"未开始") | F15: =IF(B15=0,"-",TEXT(C15/B15,"0%"))
A16: 第二阶段：核心研究 | B16: =COUNTIF(任务清单!A:A,"第二阶段：核心研究") | C16: =COUNTIFS(任务清单!A:A,"第二阶段：核心研究",任务清单!H:H,"已完成") | D16: =COUNTIFS(任务清单!A:A,"第二阶段：核心研究",任务清单!H:H,"进行中") | E16: =COUNTIFS(任务清单!A:A,"第二阶段：核心研究",任务清单!H:H,"未开始") | F16: =IF(B16=0,"-",TEXT(C16/B16,"0%"))
A17: 第三阶段：附属赛冲刺 | B17: =COUNTIF(任务清单!A:A,"第三阶段：附属赛冲刺") | C17: =COUNTIFS(任务清单!A:A,"第三阶段：附属赛冲刺",任务清单!H:H,"已完成") | D17: =COUNTIFS(任务清单!A:A,"第三阶段：附属赛冲刺",任务清单!H:H,"进行中") | E17: =COUNTIFS(任务清单!A:A,"第三阶段：附属赛冲刺",任务清单!H:H,"未开始") | F17: =IF(B17=0,"-",TEXT(C17/B17,"0%"))
A18: 第四阶段：全球总决赛 | B18: =COUNTIF(任务清单!A:A,"第四阶段：全球总决赛") | C18: =COUNTIFS(任务清单!A:A,"第四阶段：全球总决赛",任务清单!H:H,"已完成") | D18: =COUNTIFS(任务清单!A:A,"第四阶段：全球总决赛",任务清单!H:H,"进行中") | E18: =COUNTIFS(任务清单!A:A,"第四阶段：全球总决赛",任务清单!H:H,"未开始") | F18: =IF(B18=0,"-",TEXT(C18/B18,"0%"))
A19: 合计 | B19: =SUM(B15:B18) | C19: =SUM(C15:C18) | D19: =SUM(D15:D18) | E19: =SUM(E15:E18) | F19: =IF(B19=0,"-",TEXT(C19/B19,"0%"))
A22: 🚩 关键里程碑
A23: 日期 | B23: 里程碑事件
A24: 2026-11-30 | B24: 调研筑基完成，研究计划定稿
A25: 2027-03-10 | B25: 电池热管理2D模型+10组全阶快照库完成
A26: 2027-03-31 | B26: 里程碑①：抛物+椭圆算例跑通
A27: 2027-06-30 | B27: 500组参数扫描完成，最优设计点确定
A28: 2027-07-25 | B28: 全阶验证完成，量化对比数据出炉
A29: 2027-07-31 | B29: 里程碑②：误差监控三类PDE验证
A30: 2027-11-30 | B30: 代码冻结，附属赛申报截止（硬截止）
A31: 2028-02-28 | B31: 附属赛答辩
A32: 2028-05-20 | B32: ISEF全球总决赛

Sheet 任务清单
A1: 阶段 | B1: 子阶段 | C1: 编号 | D1: 任务描述 | E1: 交付物 | F1: 计划开始 | G1: 计划截止 | H1: 状态 | I1: 优先级 | J1: 负责人 | K1: 备注
A2: 第一阶段：调研筑基
A3: 第一阶段：调研筑基 | B3: — | C3: 1 | D3: 补数学基础：SVD奇异值分解、PDE分类（抛物/椭圆/双曲）、有限差分法、Galerkin投影、变分积分器与李雅普诺夫稳定性（路径A预备） | E3: 读书笔记+公式整理 | F3: 2026-09-01 | G3: 2026-10-15 | H3: 未开始 | I3: 高 | J3: A
A4: 第一阶段：调研筑基 | B4: — | C4: 2 | D4: 读ROM入门论文，理解POD-Galerkin离线-在线范式 | E4: 文献综述笔记 | F4: 2026-09-15 | G4: 2026-10-15 | H4: 未开始 | I4: 高 | J4: 共同
A5: 第一阶段：调研筑基 | B5: — | C5: 3 | D5: 手写一维热传导全阶仿真Demo | E5: 可运行Python脚本 | F5: 2026-10-01 | G5: 2026-10-20 | H5: 未开始 | I5: 高 | J5: B
A6: 第一阶段：调研筑基 | B6: — | C6: 4 | D6: 复现基础POD-Galerkin最小Demo（热传导），亲身体验ROM不稳定问题 | E6: 可运行Demo+失败记录 | F6: 2026-10-15 | G6: 2026-11-05 | H6: 未开始 | I6: 高 | J6: 共同
A7: 第一阶段：调研筑基 | B7: — | C7: 5 | D7: 确定创新点技术方案+杀手级应用选型（电池热管理为主，污染物扩散为Future Work），明确「不发明新数学」边界 | E7: 创新点+应用方案技术文档 | F7: 2026-10-25 | G7: 2026-11-15 | H7: 未开始 | I7: 高 | J7: 共同
A8: 第一阶段：调研筑基 | B8: — | C8: 6 | D8: 完成ISEF Research Plan、摘要、SRC表格1A/1B | E8: 全套申报材料 | F8: 2026-11-01 | G8: 2026-11-25 | H8: 未开始 | I8: 高 | J8: 共同
A9: 第一阶段：调研筑基 | B9: — | C9: 7 | D9: 确认指导老师，定稿研究计划 | E9: 签字版计划 | F9: 2026-11-15 | G9: 2026-11-30 | H9: 未开始 | I9: 高 | J9: 共同
A10: 第二阶段：核心研究
A11: 第二阶段：核心研究 | B11: 第1-4月：底层框架+抛物/椭圆算例 | C11: 8 | D11: 设计可扩展架构：快照管理、POD分解、Galerkin求解器解耦，不绑定特定PDE | E11: 架构设计文档 | F11: 2026-12-01 | G11: 2026-12-20 | H11: 未开始 | I11: 高 | J11: B
A12: 第二阶段：核心研究 | B12: 第1-4月：底层框架+抛物/椭圆算例 | C12: 9 | D12: 实现基础模块：快照管理器、POD分解器、Galerkin投影求解器 | E12: 核心代码库v0.1 | F12: 2026-12-15 | G12: 2027-01-20 | H12: 未开始 | I12: 高 | J12: B
A13: 第二阶段：核心研究 | B13: 第1-4月：底层框架+抛物/椭圆算例 | C13: 10 | D13: 自研模块①：自适应快照采样算法 + 最优性证明（给定快照预算下，误差上界达常数因子最优） | E13: 采样模块代码+测试+最优性证明文档 | F13: 2027-01-10 | G13: 2027-03-10 | H13: 未开始 | I13: 高 | J13: A
A14: 第二阶段：核心研究 | B14: 第1-4月：底层框架+抛物/椭圆算例 | C14: 11 | D14: 【杀手级应用·核心案例】电动车电池包2D热管理参数化模型：含电池单元/散热板/冷却液流道，全阶仿真跑10组代表性参数（拉丁超立方采样）生成快照库 | E14: 电池热模型+10组全阶快照库 | F14: 2027-01-25 | G14: 2027-03-10 | H14: 未开始 | I14: 高 | J14: B
A15: 第二阶段：核心研究 | B15: 第1-4月：底层框架+抛物/椭圆算例 | C15: 12 | D15: 算例2：二维泊松方程（椭圆型），验证框架扩展性 | E15: 算例结果+误差/加速比数据 | F15: 2027-02-15 | G15: 2027-03-20 | H15: 未开始 | I15: 中 | J15: 共同
A16: 第二阶段：核心研究 | B16: 第1-4月：底层框架+抛物/椭圆算例 | C16: 13 | D16: 里程碑检查：两类物理正常跑通；若椭圆算例持续失败→启动退回折中版预案 | E16: 里程碑评估报告 | F16: 2027-03-25 | G16: 2027-03-31 | H16: 未开始 | I16: 高 | J16: 共同
A17: 第二阶段：核心研究 | B17: 第5-8月：灵魂模块+弱非线性+杀手级应用 | C17: 14 | D17: 自研模块②：可证明的后验误差估计（严格上界，不依赖全阶对照，抛物型PDE下数学证明）+ 运行时实现 | E17: 误差估计模块代码+严格上界证明文档 | F17: 2027-04-01 | G17: 2027-06-10 | H17: 未开始 | I17: 高 | J17: A
A18: 第二阶段：核心研究 | B18: 第5-8月：灵魂模块+弱非线性+杀手级应用 | C18: 15 | D18: 自研模块③：失效告警与自动降级逻辑（超阈值告警→触发局部回退） | E18: 降级模块代码+测试 | F18: 2027-04-20 | G18: 2027-05-31 | H18: 未开始 | I18: 高 | J18: 共同
A19: 第二阶段：核心研究 | B19: 第5-8月：灵魂模块+弱非线性+杀手级应用 | C19: 16 | D19: 【路径A核心】非线性ROM能量稳定性格式（变分积分器思想）+ 李雅普诺夫稳定性证明，解决弱非线性Galerkin投影数值震荡 | E19: 稳定性格式+证明文档+非线性处理模块 | F19: 2027-04-15 | G19: 2027-07-10 | H19: 未开始 | I19: 高 | J19: A
A20: 第二阶段：核心研究 | B20: 第5-8月：灵魂模块+弱非线性+杀手级应用 | C20: 17 | D20: 算例3：反应-扩散方程（弱非线性），验证误差监控跨场景有效性 | E20: 算例结果+失效预警记录 | F20: 2027-06-01 | G20: 2027-07-10 | H20: 未开始 | I20: 高 | J20: 共同
A21: 第二阶段：核心研究 | B21: 第5-8月：灵魂模块+弱非线性+杀手级应用 | C21: 18 | D21: 大量失败测试：记录ROM何时失效，误差估计能否提前捕捉 | E21: 失败案例数据库 | F21: 2027-06-15 | G21: 2027-07-25 | H21: 未开始 | I21: 中 | J21: 共同
A22: 第二阶段：核心研究 | B22: 第5-8月：灵魂模块+弱非线性+杀手级应用 | C22: 19 | D22: 【杀手级应用】ROM驱动500组电池热管理参数扫描：遍历材料导热系数/冷却液流速/放电倍率/流道布局，搜索最高温度最低+温度最均匀的最优散热设计 | E22: 500组扫描结果+最优设计点 | F22: 2027-05-15 | G22: 2027-06-30 | H22: 未开始 | I22: 高 | J22: B
... A32: 第二阶段：核心研究 | B32: 第12月：结题+附属赛递交 | C32: 29 | D32: 整理全部科研日志、数据、代码版本，确保可追溯 | E32: 项目档案包 | F32: 2027-11-15 | G32: 2027-11-30 | H32: 未开始 | I32: 高 | J32: 共同
A33: 第三阶段：附属赛冲刺
A34: 第三阶段：附属赛冲刺 | B34: — | C34: 30 | D34: 撰写完整英文科研论文：三轨布局讨好专项评委——①数值方法/POD-Galerkin降阶创新（SIAM/AIP）②开源流水线/工程可用性（ACM/IEEE）③电池热管理工程应用/社会价值（EPA/ASM）；电池热管理为核心案例，含500组扫描结果、全阶验证、局限性、Future Work | E34: 论文PDF | F34: 2027-12-01 | G34: 2028-01-15 | H34: 未开始 | I34: 高 | J34: 共同
A35: 第三阶段：附属赛冲刺 | B35: — | C35: 31 | D35: 设计ISEF三折展板Poster：三栏分区对应三类专项评委——左栏数学方法（POD基/SVD谱/Galerkin投影公式）、中栏开源工程（架构图/GitHub链接/加速比）、右栏电池应用（温度图对比/500组扫描散点图/降温5-8°C社会价值） | E35: 展板设计稿+打印 | F35: 2027-12-15 | G35: 2028-01-31 | H35: 未开始 | I35: 高 | J35: 共同
A36: 第三阶段：附属赛冲刺 | B36: — | C36: 32 | D36: 准备笔记本电脑现场Demo：现场跑电池热管理ROM算例，展示秒级出结果+误差告警实时触发 | E36: Demo脚本+演示流程 | F36: 2028-01-01 | G36: 2028-01-31 | H36: 未开始 | I36: 中 | J36: 共同
A37: 第三阶段：附属赛冲刺 | B37: — | C37: 33 | D37: 模拟答辩：通用答辩+专项奖评委单独问答——准备SIAM/AIP的数学深问、ACM/IEEE的代码/开源问、EPA/ASM的工程/社会价值问，每类准备3分钟简短介绍 | E37: 答辩Q&A文档+录像复盘 | F37: 2028-01-15 | G37: 2028-02-15 | H37: 未开始 | I37: 高 | J37: 共同
A38: 第三阶段：附属赛冲刺 | B38: — | C38: 34 | D38: 专项奖评委速答卡：一页纸整理数学创新亮点（POD基物理含义/自适应采样省30%快照）、代码架构图、GitHub仓库链接、加速比/降温/误差核心数据；三类评委各一版3分钟电梯演讲 | E38: 速答卡+三类评委Q&A文档 | F38: 2028-01-20 | G38: 2028-02-15 | H38: 未开始 | I38: 高 | J38: 共同
A39: 第三阶段：附属赛冲刺 | B39: — | C39: 35 | D39: 参加附属赛线下答辩，争取ISEF全球总决赛名额 | E39: 比赛结果 | F39: 2028-02-15 | G39: 2028-02-28 | H39: 未开始 | I39: 高 | J39: 共同
A40: 第四阶段：全球总决赛
A41: 第四阶段：全球总决赛 | B41: — | C41: 36 | D41: 根据附属赛评委反馈优化论文、展板 | E41: 升级版材料 | F41: 2028-03-01 | G41: 2028-03-31 | H41: 未开始 | I41: 高 | J41: 共同
A42: 第四阶段：全球总决赛 | B42: — | C42: 37 | D42: 强化英文答辩，准备Yancopoulos深度面试可能追问的数学/工程细节（电池热模型方程、POD基物理含义） | E42: 深度Q&A文档 | F42: 2028-03-15 | G42: 2028-04-30 | H42: 未开始 | I42: 高 | J42: 共同
A43: 第四阶段：全球总决赛 | B43: — | C43: 38 | D43: 赴美参加ISEF全球总决赛，展位面试 + Yancopoulos候选深度面试 | E43: 比赛结果 | F43: 2028-05-01 | G43: 2028-05-20 | H43: 未开始 | I43: 高 | J43: 共同

Sheet 风险预案
A1: ⚠️ 风险预案（关键逃生门）
A2: 检查时间点 | B2: 触发条件 | C2: 应对动作
A3: 2027-03末 | B3: 椭圆算例跑不通 / 误差监控在非抛物下严重失效 | C3: 退回折中版：砍掉椭圆、弱非线性，收缩为仅抛物PDE（电池热管理仍可保留），保住项目完整性
A4: 2027-07末 | B4: 弱非线性持续震荡无法收敛 | C4: 砍掉反应-扩散算例，保留抛物（电池热管理）+椭圆两类，论文中明确说明弱非线性为未来工作
A5: 2027-07末 | B5: 电池热管理500组扫描结果与全阶验证误差>5% | C5: 增加快照库到20组，或收缩参数空间到最关键的3个变量，确保核心案例可信
A6: 全程 | B6: ROM方向完全不可控 | C6: 切换至太空碎片风险评估流水线备选项目，沉没成本可控

Sheet 执行建议
A1: 📅 每日/每周/每月执行建议
A2: 频率 | B2: 建议内容
A3: 每天 | B3: 3-5小时有效投入，写科研日志记录当天做了什么、遇到什么Bug、怎么解决的（ISEF非常看重过程记录）
A4: 每周日 | B4: 回顾本周进度，对照清单更新状态，调整下周计划
A5: 每月末 | B5: 做一次里程碑评估，确认是否需要启动风险预案
